asset_id_pk,asset_tag,asset_cat_name,model_name,manufacturer_name,serial_number,location_name,status,supplier_name,department_name,sub_location,condition_name,support,warranty_start_date,warranty_end_date,amc_start_date,amc_end_date,Host_Name,OS,Invoice_Number,Invoice_Date,PONumber,PODate,AssetLife,AssetCost,CurrentCost,user_email,CostCenter,SoldAmount,SoldUser,SoldVendor,EmployeeCode,EmployeeName,EmployeeDepartment
3785,REA\LOCON\00080,HP 240 G8,HP 240 G8,HP ,5CG1446G84 ,Gurgaon,In-Store,Zest Systems Private Limited,Administration,Gurgaon - Sector 32,New,Out Of Support,24-05-2020 00:00:00,24-05-2020 00:00:00,,,N/A,N/A,ZSPL2223-089,24-05-2022 00:00:00,07-05-2022 00:00:00,07-05-2022 00:00:00,0,58800,,N/A,GGNADM01,0,N/A,N/A,N/A,N/A,N/A
3786,REA\LOCON\00081,HP 240 G8,HP 240 G8,HP ,5CG1446FQL ,Gurgaon,In-Store,Zest Systems Private Limited,Administration,Gurgaon - Sector 32,New,Out Of Support,24-05-2020 00:00:00,24-05-2020 00:00:00,,,N/A,N/A,ZSPL2223-089,24-05-2022 00:00:00,07-05-2022 00:00:00,07-05-2022 00:00:00,0,58800,,N/A,GGNADM01,0,N/A,N/A,N/A,N/A,N/A
3787,REA\LOCON\00082,HP 240 G8,HP 240 G8,HP ,5CG1447D15 ,Gurgaon,In-Store,Zest Systems Private Limited,Administration,Gurgaon - Sector 32,New,Out Of Support,24-05-2020 00:00:00,24-05-2020 00:00:00,,,N/A,N/A,ZSPL2223-089,24-05-2022 00:00:00,07-05-2022 00:00:00,07-05-2022 00:00:00,0,58800,,N/A,GGNADM01,0,N/A,N/A,N/A,N/A,N/A
3788,REA\LOCON\00083,HP 240 G8,HP 240 G8,HP ,5CG1446FR7 ,Gurgaon,In-Store,Zest Systems Private Limited,Administration,Gurgaon - Sector 32,New,Out Of Support,24-05-2020 00:00:00,24-05-2020 00:00:00,,,N/A,N/A,ZSPL2223-089,24-05-2022 00:00:00,07-05-2022 00:00:00,07-05-2022 00:00:00,0,58800,,N/A,GGNADM01,0,N/A,N/A,N/A,N/A,N/A
3789,REA\LOCON\00084,HP 240 G8,HP 240 G8,HP ,5CG1446FQS ,Gurgaon,In-Store,Zest Systems Private Limited,Administration,Gurgaon - Sector 32,New,Out Of Support,24-05-2020 00:00:00,24-05-2020 00:00:00,,,N/A,N/A,ZSPL2223-089,24-05-2022 00:00:00,07-05-2022 00:00:00,07-05-2022 00:00:00,0,58800,,N/A,GGNADM01,0,N/A,N/A,N/A,N/A,N/A
3790,REA\LOCON\00085,HP 240 G8,HP 240 G8,HP ,5CG1447CPR ,Gurgaon,In-Store,Zest Systems Private Limited,Administration,Gurgaon - Sector 32,New,Out Of Support,24-05-2020 00:00:00,24-05-2020 00:00:00,,,N/A,N/A,ZSPL2223-089,24-05-2022 00:00:00,07-05-2022 00:00:00,07-05-2022 00:00:00,0,58800,,N/A,GGNADM01,0,N/A,N/A,N/A,N/A,N/A
3791,REA\LOCON\00086,HP 240 G8,HP 240 G8,HP ,5CG1447D4W ,Gurgaon,In-Store,Zest Systems Private Limited,Administration,Gurgaon - Sector 32,New,Out Of Support,24-05-2020 00:00:00,24-05-2020 00:00:00,,,N/A,N/A,ZSPL2223-089,24-05-2022 00:00:00,07-05-2022 00:00:00,07-05-2022 00:00:00,0,58800,,N/A,GGNADM01,0,N/A,N/A,N/A,N/A,N/A
3792,REA\LOCON\00087,HP 240 G8,HP 240 G8,HP ,5CG1411GST ,Gurgaon,In-Store,Zest Systems Private Limited,Administration,Gurgaon - Sector 32,New,Out Of Support,24-05-2020 00:00:00,24-05-2020 00:00:00,,,N/A,N/A,ZSPL2223-089,24-05-2022 00:00:00,07-05-2022 00:00:00,07-05-2022 00:00:00,0,58800,,N/A,GGNADM01,0,N/A,N/A,N/A,N/A,N/A
3793,REA\LOCON\00088,HP 240 G8,HP 240 G8,HP ,5CG1446FPW,Gurgaon,In-Store,Zest Systems Private Limited,Administration,Gurgaon - Sector 32,New,Out Of Support,24-05-2020 00:00:00,24-05-2020 00:00:00,,,N/A,N/A,ZSPL2223-089,24-05-2022 00:00:00,07-05-2022 00:00:00,07-05-2022 00:00:00,0,58800,,N/A,GGNADM01,0,N/A,N/A,N/A,N/A,N/A
3794,REA\LOCON\00089,HP 240 G8,HP 240 G8,HP ,5CG1333N4G,Gurgaon,In-Store,Zest Systems Private Limited,Administration,Gurgaon - Sector 32,New,Out Of Support,24-05-2020 00:00:00,24-05-2020 00:00:00,,,N/A,N/A,ZSPL2223-089,24-05-2022 00:00:00,07-05-2022 00:00:00,07-05-2022 00:00:00,0,58800,,N/A,GGNADM01,0,N/A,N/A,N/A,N/A,N/A
3795,REA\LOCON\00090,HP 240 G8,HP 240 G8,HP ,5CG1333R9B,Gurgaon,In-Store,Zest Systems Private Limited,Administration,Gurgaon - Sector 32,New,Out Of Support,24-05-2020 00:00:00,24-05-2020 00:00:00,,,N/A,N/A,ZSPL2223-089,24-05-2022 00:00:00,07-05-2022 00:00:00,07-05-2022 00:00:00,0,58800,,N/A,GGNADM01,0,N/A,N/A,N/A,N/A,N/A
3796,REA\LOCON\00091,HP 240 G8,HP 240 G8,HP ,5CG1333SGK,Gurgaon,In-Store,Zest Systems Private Limited,Administration,Gurgaon - Sector 32,New,Out Of Support,24-05-2020 00:00:00,24-05-2020 00:00:00,,,N/A,N/A,ZSPL2223-089,24-05-2022 00:00:00,07-05-2022 00:00:00,07-05-2022 00:00:00,0,58800,,N/A,GGNADM01,0,N/A,N/A,N/A,N/A,N/A
3797,REA\LOCON\00092,HP 240 G8,HP 240 G8,HP , 5CG1334084,Gurgaon,In-Store,Zest Systems Private Limited,Administration,Gurgaon - Sector 32,New,Out Of Support,24-05-2020 00:00:00,24-05-2020 00:00:00,,,N/A,N/A,ZSPL2223-089,24-05-2022 00:00:00,07-05-2022 00:00:00,07-05-2022 00:00:00,0,58800,,N/A,GGNADM01,0,N/A,N/A,N/A,N/A,N/A
3798,REA\LOCON\00093,HP 240 G8,HP 240 G8,HP , 5CG1333R8F,Gurgaon,In-Store,Zest Systems Private Limited,Administration,Gurgaon - Sector 32,New,Out Of Support,24-05-2020 00:00:00,24-05-2020 00:00:00,,,N/A,N/A,ZSPL2223-089,24-05-2022 00:00:00,07-05-2022 00:00:00,07-05-2022 00:00:00,0,58800,,N/A,GGNADM01,0,N/A,N/A,N/A,N/A,N/A
3799,REA\LOCON\00094,HP 240 G8,HP 240 G8,HP , 5CG1446GRF,Gurgaon,In-Store,Zest Systems Private Limited,Administration,Gurgaon - Sector 32,New,Out Of Support,24-05-2020 00:00:00,24-05-2020 00:00:00,,,N/A,N/A,ZSPL2223-089,24-05-2022 00:00:00,07-05-2022 00:00:00,07-05-2022 00:00:00,0,58800,,N/A,GGNADM01,0,N/A,N/A,N/A,N/A,N/A
3800,REA\LOCON\00095,HP 240 G8,HP 240 G8,HP , 5CG1447DJ0,Gurgaon,In-Store,Zest Systems Private Limited,Administration,Gurgaon - Sector 32,New,Out Of Support,24-05-2020 00:00:00,24-05-2020 00:00:00,,,N/A,N/A,ZSPL2223-089,24-05-2022 00:00:00,07-05-2022 00:00:00,07-05-2022 00:00:00,0,58800,,N/A,GGNADM01,0,N/A,N/A,N/A,N/A,N/A
3801,REA\LOCON\00096,HP 240 G8,HP 240 G8,HP , 5CG1446FQQ,Gurgaon,In-Store,Zest Systems Private Limited,Administration,Gurgaon - Sector 32,New,Out Of Support,24-05-2020 00:00:00,24-05-2020 00:00:00,,,N/A,N/A,ZSPL2223-089,24-05-2022 00:00:00,07-05-2022 00:00:00,07-05-2022 00:00:00,0,58800,,N/A,GGNADM01,0,N/A,N/A,N/A,N/A,N/A
3802,REA\LOCON\00097,HP 240 G8,HP 240 G8,HP , 5CG1446G7B,Gurgaon,In-Store,Zest Systems Private Limited,Administration,Gurgaon - Sector 32,New,Out Of Support,24-05-2020 00:00:00,24-05-2020 00:00:00,,,N/A,N/A,ZSPL2223-089,24-05-2022 00:00:00,07-05-2022 00:00:00,07-05-2022 00:00:00,0,58800,,N/A,GGNADM01,0,N/A,N/A,N/A,N/A,N/A
3803,REA\LOCON\00098,HP 240 G8,HP 240 G8,HP , 5CG1447D4X,Gurgaon,In-Store,Zest Systems Private Limited,Administration,Gurgaon - Sector 32,New,Out Of Support,24-05-2020 00:00:00,24-05-2020 00:00:00,,,N/A,N/A,ZSPL2223-089,24-05-2022 00:00:00,07-05-2022 00:00:00,07-05-2022 00:00:00,0,58800,,N/A,GGNADM01,0,N/A,N/A,N/A,N/A,N/A
3804,REA\LOCON\00099,HP 240 G8,HP 240 G8,HP , 5CG1447CTP,Gurgaon,In-Store,Zest Systems Private Limited,Administration,Gurgaon - Sector 32,New,Out Of Support,24-05-2020 00:00:00,24-05-2020 00:00:00,,,N/A,N/A,ZSPL2223-089,24-05-2022 00:00:00,07-05-2022 00:00:00,07-05-2022 00:00:00,0,58800,,N/A,GGNADM01,0,N/A,N/A,N/A,N/A,N/A
3805,REA\LOCON\00100,HP 240 G8,HP 240 G8,HP , 5CG1446G7S,Gurgaon,In-Store,Zest Systems Private Limited,Administration,Gurgaon - Sector 32,New,Out Of Support,24-05-2020 00:00:00,24-05-2020 00:00:00,,,N/A,N/A,ZSPL2223-089,24-05-2022 00:00:00,07-05-2022 00:00:00,07-05-2022 00:00:00,0,58800,,N/A,GGNADM01,0,N/A,N/A,N/A,N/A,N/A
3806,REA\LOCON\00101,HP 240 G8,HP 240 G8,HP , 5CG1447D1H,Gurgaon,In-Store,Zest Systems Private Limited,Administration,Gurgaon - Sector 32,New,Out Of Support,24-05-2020 00:00:00,24-05-2020 00:00:00,,,N/A,N/A,ZSPL2223-089,24-05-2022 00:00:00,07-05-2022 00:00:00,07-05-2022 00:00:00,0,58800,,N/A,GGNADM01,0,N/A,N/A,N/A,N/A,N/A
3807,REA\LOCON\00102,HP 240 G8,HP 240 G8,HP , 5CG1446FQ4,Gurgaon,In-Store,Zest Systems Private Limited,Administration,Gurgaon - Sector 32,New,Out Of Support,24-05-2020 00:00:00,24-05-2020 00:00:00,,,N/A,N/A,ZSPL2223-089,24-05-2022 00:00:00,07-05-2022 00:00:00,07-05-2022 00:00:00,0,58800,,N/A,GGNADM01,0,N/A,N/A,N/A,N/A,N/A
3808,REA\LOCON\00103,HP 240 G8,HP 240 G8,HP , 5CG1447D96,Gurgaon,In-Store,Zest Systems Private Limited,Administration,Gurgaon - Sector 32,New,Out Of Support,24-05-2020 00:00:00,24-05-2020 00:00:00,,,N/A,N/A,ZSPL2223-089,24-05-2022 00:00:00,07-05-2022 00:00:00,07-05-2022 00:00:00,0,58800,,N/A,GGNADM01,0,N/A,N/A,N/A,N/A,N/A
3809,REA\LOCON\00104,HP 240 G8,HP 240 G8,HP ,5CG1446J2H,Gurgaon,In-Store,Zest Systems Private Limited,Administration,Gurgaon - Sector 32,New,Out Of Support,24-05-2020 00:00:00,24-05-2020 00:00:00,,,N/A,N/A,ZSPL2223-089,24-05-2022 00:00:00,07-05-2022 00:00:00,07-05-2022 00:00:00,0,58800,,N/A,GGNADM01,0,N/A,N/A,N/A,N/A,N/A
3810,REA\LOCON\00105,HP 240 G8,HP 240 G8,HP , 5CG1447D5D,Gurgaon,In-Store,Zest Systems Private Limited,Administration,Gurgaon - Sector 32,New,Out Of Support,24-05-2020 00:00:00,24-05-2020 00:00:00,,,N/A,N/A,ZSPL2223-089,24-05-2022 00:00:00,07-05-2022 00:00:00,07-05-2022 00:00:00,0,58800,,N/A,GGNADM01,0,N/A,N/A,N/A,N/A,N/A
3811,REA\LOCON\00106,HP 240 G8,HP 240 G8,HP , 5CG1447D93,Gurgaon,In-Store,Zest Systems Private Limited,Administration,Gurgaon - Sector 32,New,Out Of Support,24-05-2020 00:00:00,24-05-2020 00:00:00,,,N/A,N/A,ZSPL2223-089,24-05-2022 00:00:00,07-05-2022 00:00:00,07-05-2022 00:00:00,0,58800,,N/A,GGNADM01,0,N/A,N/A,N/A,N/A,N/A
3812,REA\LOCON\00107,HP 240 G8,HP 240 G8,HP , 5CG1447D0Y,Gurgaon,In-Store,Zest Systems Private Limited,Administration,Gurgaon - Sector 32,New,Out Of Support,24-05-2020 00:00:00,24-05-2020 00:00:00,,,N/A,N/A,ZSPL2223-089,24-05-2022 00:00:00,07-05-2022 00:00:00,07-05-2022 00:00:00,0,58800,,N/A,GGNADM01,0,N/A,N/A,N/A,N/A,N/A
3813,REA\LOCON\00108,HP 240 G8,HP 240 G8,HP , 5CG1447D8Q,Gurgaon,In-Store,Zest Systems Private Limited,Administration,Gurgaon - Sector 32,New,Out Of Support,24-05-2020 00:00:00,24-05-2020 00:00:00,,,N/A,N/A,ZSPL2223-089,24-05-2022 00:00:00,07-05-2022 00:00:00,07-05-2022 00:00:00,0,58800,,N/A,GGNADM01,0,N/A,N/A,N/A,N/A,N/A
3814,REA\LOCON\00109,HP 240 G8,HP 240 G8,HP , 5CG1447CTQ,Gurgaon,In-Store,Zest Systems Private Limited,Administration,Gurgaon - Sector 32,New,Out Of Support,24-05-2020 00:00:00,24-05-2020 00:00:00,,,N/A,N/A,ZSPL2223-089,24-05-2022 00:00:00,07-05-2022 00:00:00,07-05-2022 00:00:00,0,58800,,N/A,GGNADM01,0,N/A,N/A,N/A,N/A,N/A
3815,REA\LOCON\00110,HP 240 G8,HP 240 G8,HP,3957-5932-1186-3350-5141-5176-66,Bangalore,In-Store,,Administration,Gurgaon - Sector 32,New,Out Of Support,24-05-2020 00:00:00,24-05-2020 00:00:00,,,VM19737,Microsoft Windows Server 2019 Standard,ZSPL2223-089,24-05-2022 00:00:00,07-05-2022 00:00:00,07-05-2022 00:00:00,0,58800,,N/A,GGNADM01,0,N/A,N/A,N/A,N/A,N/A
3816,REA\LOCON\00111,HP 240 G8,HP 240 G8,HP,2396-7300-4531-0477-6725-4874-21,Bangalore,Allocated,,Administration,Gurgaon - Sector 32,New,Out Of Support,24-05-2020 00:00:00,24-05-2020 00:00:00,,,SERVER13256,Microsoft Windows Server 2012 R2 Standard,ZSPL2223-089,24-05-2022 00:00:00,07-05-2022 00:00:00,07-05-2022 00:00:00,0,58800,,deepak@zservicedesk.com,GGNADM01,0,N/A,N/A,0909,ZSD User,Technology
3817,ABC\LAP\00001,Laptop,Macbook Air,Apple,FGHJK8765SDF6789,Chandigarh,Allocated,Octane IT Solutions Pvt Ltd,Business Analytics,Chandigarh - Zirakpur,New,Under Warranty,01-01-2020 00:00:00,31-12-2023 00:00:00,,,N/A,N/A,INV-00001,01-01-2020 00:00:00,01-01-2020 00:00:00,01-01-2020 00:00:00,3,50000,,deepak@zservicedesk.com,AHMBA03,0,N/A,N/A,0909,ZSD User,Technology
3818,ABC\LAP\00002,Laptop,Macbook Air,Apple,FGHJK8765SDF6790,Chandigarh,In-Store,Octane IT Solutions Pvt Ltd,Business Analytics,Chandigarh - Zirakpur,New,Under Warranty,01-01-2020 00:00:00,31-12-2023 00:00:00,,,N/A,N/A,INV-00002,01-01-2020 00:00:00,01-01-2020 00:00:00,01-01-2020 00:00:00,3,50000,,N/A,AHMBA03,0,N/A,N/A,N/A,N/A,N/A
3819,ABC\LAP\00003,Laptop,Macbook Air,Apple,FGHJK8765SDF6791,Chandigarh,In-Store,Octane IT Solutions Pvt Ltd,Business Analytics,Chandigarh - Zirakpur,New,Under Warranty,01-01-2020 00:00:00,31-12-2023 00:00:00,,,N/A,N/A,INV-00003,01-01-2020 00:00:00,01-01-2020 00:00:00,01-01-2020 00:00:00,3,50000,,N/A,AHMBA03,0,N/A,N/A,N/A,N/A,N/A
3820,ABC\LAP\00004,Laptop,Macbook Air,Apple,FGHJK8765SDF6792,Chandigarh,In-Store,Octane IT Solutions Pvt Ltd,Business Analytics,Chandigarh - Zirakpur,New,Under Warranty,01-01-2020 00:00:00,31-12-2023 00:00:00,,,N/A,N/A,INV-00004,01-01-2020 00:00:00,01-01-2020 00:00:00,01-01-2020 00:00:00,3,50000,,N/A,AHMBA03,0,N/A,N/A,N/A,N/A,N/A
3821,ABC\LAP\00005,Laptop,Macbook Air,Apple,FGHJK8765SDF6793,Chandigarh,In-Store,Octane IT Solutions Pvt Ltd,Business Analytics,Chandigarh - Zirakpur,New,Under Warranty,01-01-2020 00:00:00,31-12-2023 00:00:00,,,N/A,N/A,INV-00005,01-01-2020 00:00:00,01-01-2020 00:00:00,01-01-2020 00:00:00,3,50000,,N/A,AHMBA03,0,N/A,N/A,N/A,N/A,N/A
3822,ABC\LAP\00006,Laptop,Macbook Air,Apple,FGHJK8765SDF6794,Chandigarh,In-Store,Octane IT Solutions Pvt Ltd,Business Analytics,Chandigarh - Zirakpur,New,Under Warranty,01-01-2020 00:00:00,31-12-2023 00:00:00,,,N/A,N/A,INV-00006,01-01-2020 00:00:00,01-01-2020 00:00:00,01-01-2020 00:00:00,3,50000,,N/A,AHMBA03,0,N/A,N/A,N/A,N/A,N/A
3823,ABC\LAP\00007,Laptop,HP Pavilion Laptop 14-ec0007AX,HP,GHJKL876,Chandigarh,In-Store,Octane IT Solutions Pvt Ltd,Business Analytics,Chandigarh - Zirakpur,New,Under Warranty,01-01-2020 00:00:00,31-12-2023 00:00:00,,,N/A,N/A,INV-00007,01-01-2020 00:00:00,01-01-2020 00:00:00,01-01-2020 00:00:00,3,50000,,N/A,AHMBA03,0,N/A,N/A,N/A,N/A,N/A
3824,ABC\LAP\00008,Laptop,HP Pavilion Laptop 14-ec0007AX,HP,GHJKL877,Chandigarh,In-Store,Octane IT Solutions Pvt Ltd,Business Analytics,Chandigarh - Zirakpur,New,Under Warranty,01-01-2020 00:00:00,31-12-2023 00:00:00,,,N/A,N/A,INV-00008,01-01-2020 00:00:00,01-01-2020 00:00:00,01-01-2020 00:00:00,3,50000,,N/A,AHMBA03,0,N/A,N/A,N/A,N/A,N/A
3825,ABC\LAP\00009,Laptop,HP Pavilion Laptop 14-ec0007AX,HP,GHJKL878,Chandigarh,In-Store,Octane IT Solutions Pvt Ltd,Business Analytics,Chandigarh - Zirakpur,New,Under Warranty,01-01-2020 00:00:00,31-12-2023 00:00:00,,,N/A,N/A,INV-00009,01-01-2020 00:00:00,01-01-2020 00:00:00,01-01-2020 00:00:00,3,50000,,N/A,AHMBA03,0,N/A,N/A,N/A,N/A,N/A
3826,ABC\LAP\00010,Laptop,HP Pavilion Laptop 14-ec0007AX,HP,GHJKL879,Chandigarh,In-Store,Octane IT Solutions Pvt Ltd,Business Analytics,Chandigarh - Zirakpur,New,Under Warranty,01-01-2020 00:00:00,31-12-2023 00:00:00,,,N/A,N/A,INV-00010,01-01-2020 00:00:00,01-01-2020 00:00:00,01-01-2020 00:00:00,3,50000,,N/A,AHMBA03,0,N/A,N/A,N/A,N/A,N/A
3827,ABC\LAP\00011,Laptop,HP Pavilion Laptop 14-ec0007AX,HP,GHJKL880,Chandigarh,In-Store,Octane IT Solutions Pvt Ltd,Business Analytics,Chandigarh - Zirakpur,New,Under Warranty,01-01-2020 00:00:00,31-12-2023 00:00:00,,,N/A,N/A,INV-00011,01-01-2020 00:00:00,01-01-2020 00:00:00,01-01-2020 00:00:00,3,50000,,N/A,AHMBA03,0,N/A,N/A,N/A,N/A,N/A
3828,ABC\LAP\00012,Laptop,HP Pavilion Laptop 14-ec0007AX,HP,GHJKL881,Chandigarh,In-Store,Octane IT Solutions Pvt Ltd,Business Analytics,Chandigarh - Zirakpur,New,Under Warranty,01-01-2020 00:00:00,31-12-2023 00:00:00,,,N/A,N/A,INV-00012,01-01-2020 00:00:00,01-01-2020 00:00:00,01-01-2020 00:00:00,3,50000,,N/A,AHMBA03,0,N/A,N/A,N/A,N/A,N/A
3829,ABC\ASSET\00013,Desktop,HP 6300,HP,UI76DFG97,Noida,In-Store,Octane IT Solutions Pvt Ltd,Business Analytics,	Noida - A93,New,Under Warranty,01-01-2020 00:00:00,31-12-2023 00:00:00,,,N/A,N/A,INV-00013,01-01-2020 00:00:00,01-01-2020 00:00:00,01-01-2020 00:00:00,3,50000,,N/A,AHMBA03,0,N/A,N/A,N/A,N/A,N/A
3830,ABC\ASSET\00014,Desktop,HP 6300,HP,UI76DFG98,Noida,In-Store,Octane IT Solutions Pvt Ltd,Business Analytics,	Noida - A93,New,Under Warranty,01-01-2020 00:00:00,31-12-2023 00:00:00,,,N/A,N/A,INV-00014,01-01-2020 00:00:00,01-01-2020 00:00:00,01-01-2020 00:00:00,3,50000,,N/A,AHMBA03,0,N/A,N/A,N/A,N/A,N/A
3831,ABC\ASSET\00015,Desktop,HP 6300,HP,UI76DFG99,Noida,In-Store,Octane IT Solutions Pvt Ltd,Business Analytics,	Noida - A93,New,Under Warranty,01-01-2020 00:00:00,31-12-2023 00:00:00,,,N/A,N/A,INV-00015,01-01-2020 00:00:00,01-01-2020 00:00:00,01-01-2020 00:00:00,3,50000,,N/A,AHMBA03,0,N/A,N/A,N/A,N/A,N/A
3832,ABC\ASSET\00016,Desktop,HP 6300,HP,UI76DFG100,Noida,In-Store,Octane IT Solutions Pvt Ltd,Business Analytics,	Noida - A93,New,Under Warranty,01-01-2020 00:00:00,31-12-2023 00:00:00,,,N/A,N/A,INV-00016,01-01-2020 00:00:00,01-01-2020 00:00:00,01-01-2020 00:00:00,3,50000,,N/A,AHMBA03,0,N/A,N/A,N/A,N/A,N/A
3833,ABC\ASSET\00017,Desktop,HP 6300,HP,UI76DFG101,Noida,In-Store,Octane IT Solutions Pvt Ltd,Business Analytics,	Noida - A93,New,Under Warranty,01-01-2020 00:00:00,31-12-2023 00:00:00,,,N/A,N/A,INV-00017,01-01-2020 00:00:00,01-01-2020 00:00:00,01-01-2020 00:00:00,3,50000,,N/A,AHMBA03,0,N/A,N/A,N/A,N/A,N/A
3854,ABC\ASSET\00018,Printer,EPSON L850,EPSON,JHGF34567IJHG8,Lucknow,In-Store,Mapple Technologies,Business Intelligence,Lucknow - Gomti Nagar,New,Under Warranty,01-01-2020 00:00:00,31-12-2023 00:00:00,,,N/A,N/A,INV-00038,01-01-2020 00:00:00,01-01-2020 00:00:00,01-01-2020 00:00:00,5,50000,,N/A,AHMBA03,0,N/A,N/A,N/A,N/A,N/A
3855,ABC\ASSET\00019,Printer,EPSON L850,EPSON,JHGF34567IJHG9,Lucknow,In-Store,Mapple Technologies,Business Intelligence,Lucknow - Gomti Nagar,New,Under Warranty,01-01-2020 00:00:00,31-12-2023 00:00:00,,,N/A,N/A,INV-00039,01-01-2020 00:00:00,01-01-2020 00:00:00,01-01-2020 00:00:00,5,50000,,N/A,AHMBA03,0,N/A,N/A,N/A,N/A,N/A
3856,ABC\ASSET\00020,Printer,EPSON L850,EPSON,JHGF34567IJHG10,Lucknow,In-Store,Mapple Technologies,Business Intelligence,Lucknow - Gomti Nagar,New,Under Warranty,01-01-2020 00:00:00,31-12-2023 00:00:00,,,N/A,N/A,INV-00040,01-01-2020 00:00:00,01-01-2020 00:00:00,01-01-2020 00:00:00,5,50000,,N/A,AHMBA03,0,N/A,N/A,N/A,N/A,N/A
3857,ABC\ASSET\00021,Printer,EPSON L850,EPSON,JHGF34567IJHG11,Lucknow,In-Store,Mapple Technologies,Business Intelligence,Lucknow - Gomti Nagar,New,Under Warranty,01-01-2020 00:00:00,31-12-2023 00:00:00,,,N/A,N/A,INV-00041,01-01-2020 00:00:00,01-01-2020 00:00:00,01-01-2020 00:00:00,5,50000,,N/A,AHMBA03,0,N/A,N/A,N/A,N/A,N/A
3858,ABC\ASSET\00022,Printer,EPSON L850,EPSON,JHGF34567IJHG12,Hyderabad,In-Store,Mapple Technologies,Business Intelligence,Hyderabad - Kondapur,New,Under Warranty,01-01-2020 00:00:00,31-12-2023 00:00:00,,,N/A,N/A,INV-00042,01-01-2020 00:00:00,01-01-2020 00:00:00,01-01-2020 00:00:00,5,50000,,N/A,AHMBA03,0,N/A,N/A,N/A,N/A,N/A
3859,ABC\ASSET\00023,Printer,EPSON L850,EPSON,JHGF34567IJHG13,Hyderabad,In-Store,Mapple Technologies,Business Intelligence,Hyderabad - Kondapur,New,Under Warranty,01-01-2020 00:00:00,31-12-2023 00:00:00,,,N/A,N/A,INV-00043,01-01-2020 00:00:00,01-01-2020 00:00:00,01-01-2020 00:00:00,5,50000,,N/A,AHMBA03,0,N/A,N/A,N/A,N/A,N/A
3860,ABC\ASSET\00024,Printer,EPSON L850,EPSON,JHGF34567IJHG14,Hyderabad,In-Store,Mapple Technologies,Business Intelligence,Hyderabad - Kondapur,New,Under Warranty,01-01-2020 00:00:00,31-12-2023 00:00:00,,,N/A,N/A,INV-00044,01-01-2020 00:00:00,01-01-2020 00:00:00,01-01-2020 00:00:00,5,50000,,N/A,AHMBA03,0,N/A,N/A,N/A,N/A,N/A
3861,ABC\ASSET\00025,Printer,EPSON L850,EPSON,JHGF34567IJHG15,Hyderabad,In-Store,Mapple Technologies,Business Intelligence,Hyderabad - Kondapur,New,Under Warranty,01-01-2020 00:00:00,31-12-2023 00:00:00,,,N/A,N/A,INV-00045,01-01-2020 00:00:00,01-01-2020 00:00:00,01-01-2020 00:00:00,5,50000,,N/A,AHMBA03,0,N/A,N/A,N/A,N/A,N/A
3862,ABC\ASSET\00026,Printer,EPSON L850,EPSON,JHGF34567IJHG16,Hyderabad,In-Store,Mapple Technologies,Business Intelligence,Hyderabad - Kondapur,New,Under Warranty,01-01-2020 00:00:00,31-12-2023 00:00:00,,,N/A,N/A,INV-00046,01-01-2020 00:00:00,01-01-2020 00:00:00,01-01-2020 00:00:00,5,50000,,N/A,AHMBA03,0,N/A,N/A,N/A,N/A,N/A
3863,ABC\ASSET\00027,Printer,EPSON L850,EPSON,JHGF34567IJHG17,Hyderabad,In-Store,Mapple Technologies,Business Intelligence,Hyderabad - Kondapur,New,Under Warranty,01-01-2020 00:00:00,31-12-2023 00:00:00,,,N/A,N/A,INV-00047,01-01-2020 00:00:00,01-01-2020 00:00:00,01-01-2020 00:00:00,5,50000,,N/A,AHMBA03,0,N/A,N/A,N/A,N/A,N/A
3864,ABC\ASSET\00028,Printer,EPSON L850,EPSON,JHGF34567IJHG18,Hyderabad,In-Store,Mapple Technologies,Business Intelligence,Hyderabad - Kondapur,New,Under Warranty,01-01-2020 00:00:00,31-12-2023 00:00:00,,,N/A,N/A,INV-00048,01-01-2020 00:00:00,01-01-2020 00:00:00,01-01-2020 00:00:00,5,50000,,N/A,AHMBA03,0,N/A,N/A,N/A,N/A,N/A
3865,ABC\ASSET\00029,Printer,Canon S400,Canon,JH45HG45,Hyderabad,In-Store,Mapple Technologies,Business Intelligence,Hyderabad - Kondapur,New,Under Warranty,01-01-2020 00:00:00,31-12-2023 00:00:00,,,N/A,N/A,INV-00049,01-01-2020 00:00:00,01-01-2020 00:00:00,01-01-2020 00:00:00,5,50000,,N/A,AHMBA03,0,N/A,N/A,N/A,N/A,N/A
3866,ABC\ASSET\00030,Printer,Canon S400,Canon,JH45HG46,Hyderabad,In-Store,Mapple Technologies,Business Intelligence,Hyderabad - Kondapur,New,Under Warranty,01-01-2020 00:00:00,31-12-2023 00:00:00,,,N/A,N/A,INV-00050,01-01-2020 00:00:00,01-01-2020 00:00:00,01-01-2020 00:00:00,5,50000,,N/A,AHMBA03,0,N/A,N/A,N/A,N/A,N/A
3867,ABC\ASSET\00031,Printer,Canon S400,Canon,JH45HG47,Hyderabad,In-Store,Mapple Technologies,Business Intelligence,Hyderabad - Kondapur,New,Under Warranty,01-01-2020 00:00:00,31-12-2023 00:00:00,,,N/A,N/A,INV-00051,01-01-2020 00:00:00,01-01-2020 00:00:00,01-01-2020 00:00:00,5,50000,,N/A,AHMBA03,0,N/A,N/A,N/A,N/A,N/A
3868,ABC\ASSET\00032,Printer,Canon S400,Canon,JH45HG48,Hyderabad,In-Store,Mapple Technologies,Business Intelligence,Hyderabad - Kondapur,New,Under Warranty,01-01-2020 00:00:00,31-12-2023 00:00:00,,,N/A,N/A,INV-00052,01-01-2020 00:00:00,01-01-2020 00:00:00,01-01-2020 00:00:00,5,50000,,N/A,AHMBA03,0,N/A,N/A,N/A,N/A,N/A
3869,ABC\ASSET\00033,Printer,Canon S400,Canon,JH45HG49,Hyderabad,In-Store,Mapple Technologies,Business Intelligence,Hyderabad - Kondapur,New,Under Warranty,01-01-2020 00:00:00,31-12-2023 00:00:00,,,N/A,N/A,INV-00053,01-01-2020 00:00:00,01-01-2020 00:00:00,01-01-2020 00:00:00,5,50000,,N/A,AHMBA03,0,N/A,N/A,N/A,N/A,N/A
3870,ABC\ASSET\00034,Printer,Canon S400,Canon,JH45HG50,Hyderabad,In-Store,Mapple Technologies,Business Intelligence,Hyderabad - Kondapur,New,Under Warranty,01-01-2020 00:00:00,31-12-2023 00:00:00,,,N/A,N/A,INV-00054,01-01-2020 00:00:00,01-01-2020 00:00:00,01-01-2020 00:00:00,5,50000,,N/A,AHMBA03,0,N/A,N/A,N/A,N/A,N/A
3871,ABC\ASSET\00035,Printer,Canon S400,Canon,JH45HG51,Hyderabad,In-Store,Mapple Technologies,Business Intelligence,Hyderabad - Kondapur,New,Under Warranty,01-01-2020 00:00:00,31-12-2023 00:00:00,,,N/A,N/A,INV-00055,01-01-2020 00:00:00,01-01-2020 00:00:00,01-01-2020 00:00:00,5,50000,,N/A,AHMBA03,0,N/A,N/A,N/A,N/A,N/A
3872,ABC\ASSET\00036,Printer,Canon S400,Canon,JH45HG52,Hyderabad,In-Store,Mapple Technologies,Business Intelligence,Hyderabad - Kondapur,New,Under Warranty,01-01-2020 00:00:00,31-12-2023 00:00:00,,,N/A,N/A,INV-00056,01-01-2020 00:00:00,01-01-2020 00:00:00,01-01-2020 00:00:00,5,50000,,N/A,AHMBA03,0,N/A,N/A,N/A,N/A,N/A
3873,ABC\ASSET\00037,Printer,Canon S400,Canon,JH45HG53,Hyderabad,In-Store,BRILYANT IT SOLUTIONS PRIVATE LIMITED,Business Intelligence,Hyderabad - Kondapur,New,Under Warranty,01-01-2020 00:00:00,31-12-2023 00:00:00,,,N/A,N/A,INV-00057,01-01-2020 00:00:00,01-01-2020 00:00:00,01-01-2020 00:00:00,5,50000,,N/A,AHMBA03,0,N/A,N/A,N/A,N/A,N/A
3874,ABC\ASSET\00038,Printer,Canon S400,Canon,JH45HG54,Hyderabad,In-Store,BRILYANT IT SOLUTIONS PRIVATE LIMITED,Business Intelligence,Hyderabad - Kondapur,New,Under Warranty,01-01-2020 00:00:00,31-12-2023 00:00:00,,,N/A,N/A,INV-00058,01-01-2020 00:00:00,01-01-2020 00:00:00,01-01-2020 00:00:00,5,50000,,N/A,AHMBA03,0,N/A,N/A,N/A,N/A,N/A
3875,ABC\ASSET\00039,Printer,Canon S400,Canon,JH45HG55,Hyderabad,In-Store,BRILYANT IT SOLUTIONS PRIVATE LIMITED,Business Intelligence,Hyderabad - Kondapur,New,Under Warranty,01-01-2020 00:00:00,31-12-2023 00:00:00,,,N/A,N/A,INV-00059,01-01-2020 00:00:00,01-01-2020 00:00:00,01-01-2020 00:00:00,5,50000,,N/A,AHMBA03,0,N/A,N/A,N/A,N/A,N/A
3876,ABC\ASSET\00040,Printer,Canon S400,Canon,JH45HG56,Hyderabad,In-Store,BRILYANT IT SOLUTIONS PRIVATE LIMITED,Business Intelligence,Hyderabad - Kondapur,New,Under Warranty,01-01-2020 00:00:00,31-12-2023 00:00:00,,,N/A,N/A,INV-00060,01-01-2020 00:00:00,01-01-2020 00:00:00,01-01-2020 00:00:00,5,50000,,N/A,AHMBA03,0,N/A,N/A,N/A,N/A,N/A
3877,ABC\ASSET\00041,Printer,Canon S400,Canon,JH45HG57,Hyderabad,In-Store,BRILYANT IT SOLUTIONS PRIVATE LIMITED,Business Intelligence,Hyderabad - Kondapur,New,Under Warranty,01-01-2020 00:00:00,31-12-2023 00:00:00,,,N/A,N/A,INV-00061,01-01-2020 00:00:00,01-01-2020 00:00:00,01-01-2020 00:00:00,5,50000,,N/A,AHMBA03,0,N/A,N/A,N/A,N/A,N/A
3878,ABC\ASSET\00042,Printer,Canon S400,Canon,JH45HG58,Hyderabad,In-Store,BRILYANT IT SOLUTIONS PRIVATE LIMITED,Business Intelligence,Hyderabad - Kondapur,New,Under Warranty,01-01-2020 00:00:00,31-12-2023 00:00:00,,,N/A,N/A,INV-00062,01-01-2020 00:00:00,01-01-2020 00:00:00,01-01-2020 00:00:00,5,50000,,N/A,AHMBA03,0,N/A,N/A,N/A,N/A,N/A
3879,ABC\ASSET\00043,Printer,Canon S400,Canon,JH45HG59,Hyderabad,In-Store,BRILYANT IT SOLUTIONS PRIVATE LIMITED,N/A,Hyderabad - Kondapur,New,Under Warranty,01-01-2020 00:00:00,31-12-2023 00:00:00,,,N/A,N/A,INV-00063,01-01-2020 00:00:00,01-01-2020 00:00:00,01-01-2020 00:00:00,5,50000,,N/A,AHMBA03,0,N/A,N/A,N/A,N/A,N/A
3880,ABC\ASSET\00044,Printer,Canon S400,Canon,JH45HG60,Hyderabad,In-Store,BRILYANT IT SOLUTIONS PRIVATE LIMITED,N/A,Hyderabad - Kondapur,New,Under Warranty,01-01-2020 00:00:00,31-12-2023 00:00:00,,,N/A,N/A,INV-00064,01-01-2020 00:00:00,01-01-2020 00:00:00,01-01-2020 00:00:00,5,50000,,N/A,AHMBA03,0,N/A,N/A,N/A,N/A,N/A
3881,ABC\ASSET\00045,Projector,EB-X05,EPSON,ERT98765DF76,Hyderabad,In-Store,BRILYANT IT SOLUTIONS PRIVATE LIMITED,N/A,Hyderabad - Kondapur,New,Under Warranty,01-01-2020 00:00:00,31-12-2023 00:00:00,,,N/A,N/A,INV-00065,01-01-2020 00:00:00,01-01-2020 00:00:00,01-01-2020 00:00:00,5,50000,,N/A,AHMBA03,0,N/A,N/A,N/A,N/A,N/A
3882,ABC\ASSET\00046,Projector,EB-X05,EPSON,ERT98765DF77,Hyderabad,In-Store,BRILYANT IT SOLUTIONS PRIVATE LIMITED,N/A,Hyderabad - Kondapur,New,Under Warranty,01-01-2020 00:00:00,31-12-2023 00:00:00,,,N/A,N/A,INV-00066,01-01-2020 00:00:00,01-01-2020 00:00:00,01-01-2020 00:00:00,5,50000,,N/A,AHMBA03,0,N/A,N/A,N/A,N/A,N/A
3883,ABC\ASSET\00047,Projector,EB-X05,EPSON,ERT98765DF78,Hyderabad,In-Store,BRILYANT IT SOLUTIONS PRIVATE LIMITED,N/A,Hyderabad - Kondapur,New,Under Warranty,01-01-2020 00:00:00,31-12-2023 00:00:00,,,N/A,N/A,INV-00067,01-01-2020 00:00:00,01-01-2020 00:00:00,01-01-2020 00:00:00,5,50000,,N/A,AHMBA03,0,N/A,N/A,N/A,N/A,N/A
3884,ABC\ASSET\00048,Projector,EB-X05,EPSON,ERT98765DF79,Hyderabad,In-Store,BRILYANT IT SOLUTIONS PRIVATE LIMITED,N/A,Hyderabad - Kondapur,New,Under Warranty,01-01-2020 00:00:00,31-12-2023 00:00:00,,,N/A,N/A,INV-00068,01-01-2020 00:00:00,01-01-2020 00:00:00,01-01-2020 00:00:00,5,50000,,N/A,AHMBA03,0,N/A,N/A,N/A,N/A,N/A
3885,ABC\ASSET\00049,Projector,EB-X05,EPSON,ERT98765DF80,Hyderabad,In-Store,BRILYANT IT SOLUTIONS PRIVATE LIMITED,N/A,Hyderabad - Kondapur,New,Under Warranty,01-01-2020 00:00:00,31-12-2023 00:00:00,,,N/A,N/A,INV-00069,01-01-2020 00:00:00,01-01-2020 00:00:00,01-01-2020 00:00:00,5,50000,,N/A,AHMBA03,0,N/A,N/A,N/A,N/A,N/A
3886,ABC\ASSET\00050,Projector,EB-X05,EPSON,ERT98765DF81,Hyderabad,In-Store,BRILYANT IT SOLUTIONS PRIVATE LIMITED,N/A,Hyderabad - Kondapur,New,Under Warranty,01-01-2020 00:00:00,31-12-2023 00:00:00,,,N/A,N/A,INV-00070,01-01-2020 00:00:00,01-01-2020 00:00:00,01-01-2020 00:00:00,5,50000,,N/A,AHMBA03,0,N/A,N/A,N/A,N/A,N/A
3887,ABC\ASSET\00051,Projector,EB-X05,EPSON,ERT98765DF82,Hyderabad,In-Store,BRILYANT IT SOLUTIONS PRIVATE LIMITED,N/A,Hyderabad - Kondapur,New,Under Warranty,01-01-2020 00:00:00,31-12-2023 00:00:00,,,N/A,N/A,INV-00071,01-01-2020 00:00:00,01-01-2020 00:00:00,01-01-2020 00:00:00,5,50000,,N/A,AHMBA03,0,N/A,N/A,N/A,N/A,N/A
3888,ABC\ASSET\00052,Projector,EB-X05,EPSON,ERT98765DF83,Hyderabad,In-Store,BRILYANT IT SOLUTIONS PRIVATE LIMITED,N/A,Hyderabad - Kondapur,New,Under Warranty,01-01-2020 00:00:00,31-12-2023 00:00:00,,,N/A,N/A,INV-00072,01-01-2020 00:00:00,01-01-2020 00:00:00,01-01-2020 00:00:00,5,50000,,N/A,AHMBA03,0,N/A,N/A,N/A,N/A,N/A
3889,ABC\ASSET\00053,Workstation,HP Desktop Workstation-Z220,HP,JHG456,Hyderabad,In-Store,BRILYANT IT SOLUTIONS PRIVATE LIMITED,N/A,Hyderabad - Kondapur,New,Under Warranty,01-01-2020 00:00:00,31-12-2023 00:00:00,,,N/A,N/A,INV-00073,01-01-2020 00:00:00,01-01-2020 00:00:00,01-01-2020 00:00:00,3,50000,,N/A,AHMBA03,0,N/A,N/A,N/A,N/A,N/A
3890,ABC\ASSET\00054,Workstation,HP Desktop Workstation-Z220,HP,JHG457,Hyderabad,In-Store,BRILYANT IT SOLUTIONS PRIVATE LIMITED,N/A,Hyderabad - Kondapur,New,Under Warranty,01-01-2020 00:00:00,31-12-2023 00:00:00,,,N/A,N/A,INV-00074,01-01-2020 00:00:00,01-01-2020 00:00:00,01-01-2020 00:00:00,3,50000,,N/A,AHMBA03,0,N/A,N/A,N/A,N/A,N/A
3891,ABC\ASSET\00055,Workstation,HP Desktop Workstation-Z220,HP,JHG458,Hyderabad,In-Store,BRILYANT IT SOLUTIONS PRIVATE LIMITED,N/A,Hyderabad - Kondapur,New,Under Warranty,01-01-2020 00:00:00,31-12-2023 00:00:00,,,N/A,N/A,INV-00075,01-01-2020 00:00:00,01-01-2020 00:00:00,01-01-2020 00:00:00,3,50000,,N/A,AHMBA03,0,N/A,N/A,N/A,N/A,N/A
3892,ABC\ASSET\00056,Workstation,HP Desktop Workstation-Z220,HP,JHG459,Hyderabad,In-Store,BRILYANT IT SOLUTIONS PRIVATE LIMITED,N/A,Hyderabad - Kondapur,New,Under Warranty,01-01-2020 00:00:00,31-12-2023 00:00:00,,,N/A,N/A,INV-00076,01-01-2020 00:00:00,01-01-2020 00:00:00,01-01-2020 00:00:00,3,50000,,N/A,AHMBA03,0,N/A,N/A,N/A,N/A,N/A
3893,ABC\ASSET\00057,Workstation,HP Desktop Workstation-Z220,HP,JHG460,Hyderabad,In-Store,BRILYANT IT SOLUTIONS PRIVATE LIMITED,N/A,Hyderabad - Kondapur,New,Under Warranty,01-01-2020 00:00:00,31-12-2023 00:00:00,,,N/A,N/A,INV-00077,01-01-2020 00:00:00,01-01-2020 00:00:00,01-01-2020 00:00:00,3,50000,,N/A,AHMBA03,0,N/A,N/A,N/A,N/A,N/A
3894,ABC\ASSET\00058,Workstation,HP Desktop Workstation-Z220,HP,JHG461,Hyderabad,In-Store,BRILYANT IT SOLUTIONS PRIVATE LIMITED,N/A,Hyderabad - Kondapur,New,Under Warranty,01-01-2020 00:00:00,31-12-2023 00:00:00,,,N/A,N/A,INV-00078,01-01-2020 00:00:00,01-01-2020 00:00:00,01-01-2020 00:00:00,3,50000,,N/A,AHMBA03,0,N/A,N/A,N/A,N/A,N/A
3895,ABC\ASSET\00059,Workstation,HP Desktop Workstation-Z220,HP,JHG462,Hyderabad,In-Store,BRILYANT IT SOLUTIONS PRIVATE LIMITED,N/A,Hyderabad - Kondapur,New,Under Warranty,01-01-2020 00:00:00,31-12-2023 00:00:00,,,N/A,N/A,INV-00079,01-01-2020 00:00:00,01-01-2020 00:00:00,01-01-2020 00:00:00,3,50000,,N/A,AHMBA03,0,N/A,N/A,N/A,N/A,N/A
3896,ABC\ASSET\00060,Workstation,HP Desktop Workstation-Z220,HP,JHG463,Hyderabad,In-Store,BRILYANT IT SOLUTIONS PRIVATE LIMITED,N/A,Hyderabad - Kondapur,New,Under Warranty,01-01-2020 00:00:00,31-12-2023 00:00:00,,,N/A,N/A,INV-00080,01-01-2020 00:00:00,01-01-2020 00:00:00,01-01-2020 00:00:00,3,50000,,N/A,AHMBA03,0,N/A,N/A,N/A,N/A,N/A
3897,ABC\ASSET\00061,Workstation,HP Desktop Workstation-Z220,HP,JHG464,Hyderabad,In-Store,BRILYANT IT SOLUTIONS PRIVATE LIMITED,N/A,Hyderabad - Kondapur,New,Under Warranty,01-01-2020 00:00:00,31-12-2023 00:00:00,,,N/A,N/A,INV-00081,01-01-2020 00:00:00,01-01-2020 00:00:00,01-01-2020 00:00:00,3,50000,,N/A,AHMBA03,0,N/A,N/A,N/A,N/A,N/A
3898,ABC\ASSET\00062,Workstation,HP Desktop Workstation-Z220,HP,JHG465,Hyderabad,In-Store,BRILYANT IT SOLUTIONS PRIVATE LIMITED,N/A,Hyderabad - Kondapur,New,Under Warranty,01-01-2020 00:00:00,31-12-2023 00:00:00,,,N/A,N/A,INV-00082,01-01-2020 00:00:00,01-01-2020 00:00:00,01-01-2020 00:00:00,3,50000,,N/A,AHMBA03,0,N/A,N/A,N/A,N/A,N/A
3899,ABC\ASSET\00063,Workstation,HP Desktop Workstation-Z220,HP,JHG466,Hyderabad,In-Store,BRILYANT IT SOLUTIONS PRIVATE LIMITED,N/A,Hyderabad - Kondapur,New,Under Warranty,01-01-2020 00:00:00,31-12-2023 00:00:00,,,N/A,N/A,INV-00083,01-01-2020 00:00:00,01-01-2020 00:00:00,01-01-2020 00:00:00,3,50000,,N/A,AHMBA03,0,N/A,N/A,N/A,N/A,N/A
3900,ABC\ASSET\00064,Workstation,HP Desktop Workstation-Z220,HP,JHG467,Hyderabad,In-Store,BRILYANT IT SOLUTIONS PRIVATE LIMITED,N/A,Hyderabad - Kondapur,New,Under Warranty,01-01-2020 00:00:00,31-12-2023 00:00:00,,,N/A,N/A,INV-00084,01-01-2020 00:00:00,01-01-2020 00:00:00,01-01-2020 00:00:00,3,50000,,N/A,AHMBA03,0,N/A,N/A,N/A,N/A,N/A
3901,ABC\ASSET\00065,Workstation,HP Desktop Workstation-Z220,HP,JHG468,Hyderabad,In-Store,BRILYANT IT SOLUTIONS PRIVATE LIMITED,N/A,Hyderabad - Kondapur,New,Under Warranty,01-01-2020 00:00:00,31-12-2023 00:00:00,,,N/A,N/A,INV-00085,01-01-2020 00:00:00,01-01-2020 00:00:00,01-01-2020 00:00:00,3,50000,,N/A,AHMBA03,0,N/A,N/A,N/A,N/A,N/A
3902,ABC\ASSET\00066,Workstation,HP Desktop Workstation-Z220,HP,JHG469,Hyderabad,In-Store,BRILYANT IT SOLUTIONS PRIVATE LIMITED,N/A,Hyderabad - Kondapur,New,Under Warranty,01-01-2020 00:00:00,31-12-2023 00:00:00,,,N/A,N/A,INV-00086,01-01-2020 00:00:00,01-01-2020 00:00:00,01-01-2020 00:00:00,3,50000,,N/A,AHMBA03,0,N/A,N/A,N/A,N/A,N/A
3903,ABC\ASSET\00067,Workstation,HP Desktop Workstation-Z220,HP,JHG470,Hyderabad,In-Store,BRILYANT IT SOLUTIONS PRIVATE LIMITED,N/A,Hyderabad - Kondapur,New,Under Warranty,01-01-2020 00:00:00,31-12-2023 00:00:00,,,N/A,N/A,INV-00087,01-01-2020 00:00:00,01-01-2020 00:00:00,01-01-2020 00:00:00,3,50000,,N/A,AHMBA03,0,N/A,N/A,N/A,N/A,N/A
3904,ABC\ASSET\00068,Workstation,HP Desktop Workstation-Z220,HP,JHG471,Hyderabad,In-Store,BRILYANT IT SOLUTIONS PRIVATE LIMITED,N/A,Hyderabad - Kondapur,New,Under Warranty,01-01-2020 00:00:00,31-12-2023 00:00:00,,,N/A,N/A,INV-00088,01-01-2020 00:00:00,01-01-2020 00:00:00,01-01-2020 00:00:00,3,50000,,N/A,AHMBA03,0,N/A,N/A,N/A,N/A,N/A
3905,ABC\ASSET\00069,Scanner,HP Scanjet 5000,HP,OIU456I456,Hyderabad,In-Store,SHREEJI INFOTECH,N/A,Hyderabad - Kondapur,New,Under Warranty,01-01-2020 00:00:00,31-12-2023 00:00:00,,,N/A,N/A,INV-00089,01-01-2020 00:00:00,01-01-2020 00:00:00,01-01-2020 00:00:00,5,50000,,N/A,AHMBA03,0,N/A,N/A,N/A,N/A,N/A
3906,ABC\ASSET\00070,Scanner,HP Scanjet 5000,HP,OIU456I457,Hyderabad,In-Store,SHREEJI INFOTECH,N/A,Hyderabad - Kondapur,New,Under Warranty,01-01-2020 00:00:00,31-12-2023 00:00:00,,,N/A,N/A,INV-00090,01-01-2020 00:00:00,01-01-2020 00:00:00,01-01-2020 00:00:00,5,50000,,N/A,AHMBA03,0,N/A,N/A,N/A,N/A,N/A
3907,ABC\ASSET\00071,Scanner,HP Scanjet 5000,HP,OIU456I458,Hyderabad,In-Store,SHREEJI INFOTECH,N/A,Hyderabad - Kondapur,New,Under Warranty,01-01-2020 00:00:00,31-12-2023 00:00:00,,,N/A,N/A,INV-00091,01-01-2020 00:00:00,01-01-2020 00:00:00,01-01-2020 00:00:00,5,50000,,N/A,AHMBA03,0,N/A,N/A,N/A,N/A,N/A
3908,ABC\ASSET\00072,Scanner,HP Scanjet 5000,HP,OIU456I459,Hyderabad,In-Store,SHREEJI INFOTECH,N/A,Hyderabad - Kondapur,New,Under Warranty,01-01-2020 00:00:00,31-12-2023 00:00:00,,,N/A,N/A,INV-00092,01-01-2020 00:00:00,01-01-2020 00:00:00,01-01-2020 00:00:00,5,50000,,N/A,AHMBA03,0,N/A,N/A,N/A,N/A,N/A
3909,ABC\ASSET\00073,Scanner,HP Scanjet 5000,HP,OIU456I460,Hyderabad,In-Store,SHREEJI INFOTECH,N/A,Hyderabad - Kondapur,New,Under Warranty,01-01-2020 00:00:00,31-12-2023 00:00:00,,,N/A,N/A,INV-00093,01-01-2020 00:00:00,01-01-2020 00:00:00,01-01-2020 00:00:00,5,50000,,N/A,AHMBA03,0,N/A,N/A,N/A,N/A,N/A
3910,ABC\ASSET\00074,Scanner,HP Scanjet 5000,HP,OIU456I461,Hyderabad,In-Store,SHREEJI INFOTECH,N/A,Hyderabad - Kondapur,New,Under Warranty,01-01-2020 00:00:00,31-12-2023 00:00:00,,,N/A,N/A,INV-00094,01-01-2020 00:00:00,01-01-2020 00:00:00,01-01-2020 00:00:00,5,50000,,N/A,AHMBA03,0,N/A,N/A,N/A,N/A,N/A
3911,ABC\ASSET\00075,Scanner,HP Scanjet 5000,HP,OIU456I462,Hyderabad,In-Store,SHREEJI INFOTECH,N/A,Hyderabad - Kondapur,New,Under Warranty,01-01-2020 00:00:00,31-12-2023 00:00:00,,,N/A,N/A,INV-00095,01-01-2020 00:00:00,01-01-2020 00:00:00,01-01-2020 00:00:00,5,50000,,N/A,AHMBA03,0,N/A,N/A,N/A,N/A,N/A
3912,ABC\ASSET\00076,Scanner,HP Scanjet 5000,HP,OIU456I463,Hyderabad,In-Store,SHREEJI INFOTECH,N/A,Hyderabad - Kondapur,New,Under Warranty,01-01-2020 00:00:00,31-12-2023 00:00:00,,,N/A,N/A,INV-00096,01-01-2020 00:00:00,01-01-2020 00:00:00,01-01-2020 00:00:00,5,50000,,N/A,AHMBA03,0,N/A,N/A,N/A,N/A,N/A
3913,ABC\ASSET\00077,Scanner,HP Scanjet 5000,HP,OIU456I464,Hyderabad,In-Store,SHREEJI INFOTECH,N/A,Hyderabad - Kondapur,New,Under Warranty,01-01-2020 00:00:00,31-12-2023 00:00:00,,,N/A,N/A,INV-00097,01-01-2020 00:00:00,01-01-2020 00:00:00,01-01-2020 00:00:00,5,50000,,N/A,AHMBA03,0,N/A,N/A,N/A,N/A,N/A
3914,ABC\ASSET\00078,Scanner,HP Scanjet 5000,HP,OIU456I465,Hyderabad,In-Store,SHREEJI INFOTECH,N/A,Hyderabad - Kondapur,New,Under Warranty,01-01-2020 00:00:00,31-12-2023 00:00:00,,,N/A,N/A,INV-00098,01-01-2020 00:00:00,01-01-2020 00:00:00,01-01-2020 00:00:00,5,50000,,N/A,AHMBA03,0,N/A,N/A,N/A,N/A,N/A
3915,ABC\ASSET\00079,Scanner,HP Scanjet 5000,HP,OIU456I466,Hyderabad,In-Store,SHREEJI INFOTECH,N/A,Hyderabad - Kondapur,New,Under Warranty,01-01-2020 00:00:00,31-12-2023 00:00:00,,,N/A,N/A,INV-00099,01-01-2020 00:00:00,01-01-2020 00:00:00,01-01-2020 00:00:00,5,50000,,N/A,AHMBA03,0,N/A,N/A,N/A,N/A,N/A
3916,ABC\ASSET\00080,Scanner,HP Scanjet 5000,HP,OIU456I467,Hyderabad,In-Store,SHREEJI INFOTECH,N/A,Hyderabad - Kondapur,New,Under Warranty,01-01-2020 00:00:00,31-12-2023 00:00:00,,,N/A,N/A,INV-00100,01-01-2020 00:00:00,01-01-2020 00:00:00,01-01-2020 00:00:00,5,50000,,N/A,AHMBA03,0,N/A,N/A,N/A,N/A,N/A
3917,ABC\ASSET\00081,Scanner,HP Scanjet 5000,HP,OIU456I468,Chandigarh,In-Store,SHREEJI INFOTECH,N/A,Chandigarh - Zirakpur,New,Under Warranty,01-01-2020 00:00:00,31-12-2023 00:00:00,,,N/A,N/A,INV-00101,01-01-2020 00:00:00,01-01-2020 00:00:00,01-01-2020 00:00:00,5,50000,,N/A,AHMBA03,0,N/A,N/A,N/A,N/A,N/A
3918,ABC\ASSET\00082,Scanner,HP Scanjet 5000,HP,OIU456I469,Chandigarh,In-Store,Radius Systems Private Limited,N/A,Chandigarh - Zirakpur,New,Under Warranty,01-01-2020 00:00:00,31-12-2023 00:00:00,,,N/A,N/A,INV-00102,01-01-2020 00:00:00,01-01-2020 00:00:00,01-01-2020 00:00:00,5,50000,,N/A,AHMBA03,0,N/A,N/A,N/A,N/A,N/A
3919,ABC\ASSET\00083,Scanner,HP Scanjet 5000,HP,OIU456I470,Chandigarh,In-Store,Radius Systems Private Limited,N/A,Chandigarh - Zirakpur,New,Under Warranty,01-01-2020 00:00:00,31-12-2023 00:00:00,,,N/A,N/A,INV-00103,01-01-2020 00:00:00,01-01-2020 00:00:00,01-01-2020 00:00:00,5,50000,,N/A,AHMBA03,0,N/A,N/A,N/A,N/A,N/A
3920,ABC\ASSET\00084,Scanner,HP Scanjet 5000,HP,OIU456I471,Chandigarh,In-Store,Radius Systems Private Limited,N/A,Chandigarh - Zirakpur,New,Under Warranty,01-01-2020 00:00:00,31-12-2023 00:00:00,,,N/A,N/A,INV-00104,01-01-2020 00:00:00,01-01-2020 00:00:00,01-01-2020 00:00:00,5,50000,,N/A,AHMBA03,0,N/A,N/A,N/A,N/A,N/A
3921,ABC\ASSET\00085,Scanner,HP Scanjet 5000,HP,OIU456I472,Chandigarh,In-Store,Radius Systems Private Limited,N/A,Chandigarh - Zirakpur,New,Under Warranty,01-01-2020 00:00:00,31-12-2023 00:00:00,,,N/A,N/A,INV-00105,01-01-2020 00:00:00,01-01-2020 00:00:00,01-01-2020 00:00:00,5,50000,,N/A,AHMBA03,0,N/A,N/A,N/A,N/A,N/A
3922,ABC\ASSET\00086,Scanner,HP Scanjet 5000,HP,OIU456I473,Chandigarh,In-Store,Radius Systems Private Limited,N/A,Chandigarh - Zirakpur,New,Under Warranty,01-01-2020 00:00:00,31-12-2023 00:00:00,,,N/A,N/A,INV-00106,01-01-2020 00:00:00,01-01-2020 00:00:00,01-01-2020 00:00:00,5,50000,,N/A,AHMBA03,0,N/A,N/A,N/A,N/A,N/A
3923,ABC\ASSET\00087,UPS,BR1000G,APC,765WE654DF65,Chandigarh,In-Store,Radius Systems Private Limited,N/A,Chandigarh - Zirakpur,New,Under Warranty,01-01-2020 00:00:00,31-12-2023 00:00:00,,,N/A,N/A,INV-00107,01-01-2020 00:00:00,01-01-2020 00:00:00,01-01-2020 00:00:00,5,50000,,N/A,AHMBA03,0,N/A,N/A,N/A,N/A,N/A
3924,ABC\ASSET\00088,UPS,BR1000G,APC,765WE654DF66,Chandigarh,In-Store,Radius Systems Private Limited,N/A,Chandigarh - Zirakpur,New,Under Warranty,01-01-2020 00:00:00,31-12-2023 00:00:00,,,N/A,N/A,INV-00108,01-01-2020 00:00:00,01-01-2020 00:00:00,01-01-2020 00:00:00,5,50000,,N/A,AHMBA03,0,N/A,N/A,N/A,N/A,N/A
3925,ABC\ASSET\00089,UPS,BR1000G,APC,765WE654DF67,Chandigarh,In-Store,Radius Systems Private Limited,N/A,Chandigarh - Zirakpur,New,Under Warranty,01-01-2020 00:00:00,31-12-2023 00:00:00,,,N/A,N/A,INV-00109,01-01-2020 00:00:00,01-01-2020 00:00:00,01-01-2020 00:00:00,5,50000,,N/A,AHMBA03,0,N/A,N/A,N/A,N/A,N/A
3926,ABC\ASSET\00090,UPS,BR1000G,APC,765WE654DF68,Chandigarh,In-Store,Radius Systems Private Limited,N/A,Chandigarh - Zirakpur,New,Under Warranty,01-01-2020 00:00:00,31-12-2023 00:00:00,,,N/A,N/A,INV-00110,01-01-2020 00:00:00,01-01-2020 00:00:00,01-01-2020 00:00:00,5,50000,,N/A,AHMBA03,0,N/A,N/A,N/A,N/A,N/A
3927,ABC\ASSET\00091,UPS,BR1000G,APC,765WE654DF69,Chandigarh,In-Store,Radius Systems Private Limited,N/A,Chandigarh - Zirakpur,New,Under Warranty,01-01-2020 00:00:00,31-12-2023 00:00:00,,,N/A,N/A,INV-00111,01-01-2020 00:00:00,01-01-2020 00:00:00,01-01-2020 00:00:00,5,50000,,N/A,AHMBA03,0,N/A,N/A,N/A,N/A,N/A
3928,ABC\ASSET\00092,UPS,BR1000G,APC,765WE654DF70,Chandigarh,In-Store,Radius Systems Private Limited,N/A,Chandigarh - Zirakpur,New,Under Warranty,01-01-2020 00:00:00,31-12-2023 00:00:00,,,N/A,N/A,INV-00112,01-01-2020 00:00:00,01-01-2020 00:00:00,01-01-2020 00:00:00,5,50000,,N/A,AHMBA03,0,N/A,N/A,N/A,N/A,N/A
3929,ABC\ASSET\00093,UPS,BR1000G,APC,765WE654DF71,Chandigarh,In-Store,Radius Systems Private Limited,N/A,Chandigarh - Zirakpur,New,Under Warranty,01-01-2020 00:00:00,31-12-2023 00:00:00,,,N/A,N/A,INV-00113,01-01-2020 00:00:00,01-01-2020 00:00:00,01-01-2020 00:00:00,5,50000,,N/A,AHMBA03,0,N/A,N/A,N/A,N/A,N/A
3930,ABC\ASSET\00094,UPS,BR1000G,APC,765WE654DF72,Chandigarh,In-Store,Radius Systems Private Limited,N/A,Chandigarh - Zirakpur,New,Under Warranty,01-01-2020 00:00:00,31-12-2023 00:00:00,,,N/A,N/A,INV-00114,01-01-2020 00:00:00,01-01-2020 00:00:00,01-01-2020 00:00:00,5,50000,,N/A,AHMBA03,0,N/A,N/A,N/A,N/A,N/A
3931,ABC\ASSET\00095,UPS,BR1000G,APC,765WE654DF73,Chandigarh,In-Store,Radius Systems Private Limited,N/A,Chandigarh - Zirakpur,New,Under Warranty,01-01-2020 00:00:00,31-12-2023 00:00:00,,,N/A,N/A,INV-00115,01-01-2020 00:00:00,01-01-2020 00:00:00,01-01-2020 00:00:00,5,50000,,N/A,AHMBA03,0,N/A,N/A,N/A,N/A,N/A
3932,ABC\ASSET\00096,UPS,BR1000G,APC,765WE654DF74,Chandigarh,In-Store,Radius Systems Private Limited,N/A,Chandigarh - Zirakpur,New,Under Warranty,01-01-2020 00:00:00,31-12-2023 00:00:00,,,N/A,N/A,INV-00116,01-01-2020 00:00:00,01-01-2020 00:00:00,01-01-2020 00:00:00,5,50000,,N/A,AHMBA03,0,N/A,N/A,N/A,N/A,N/A
3933,ABC\ASSET\00097,UPS,BR1000G,APC,765WE654DF75,Chandigarh,In-Store,Radius Systems Private Limited,N/A,Chandigarh - Zirakpur,New,Under Warranty,01-01-2020 00:00:00,31-12-2023 00:00:00,,,N/A,N/A,INV-00117,01-01-2020 00:00:00,01-01-2020 00:00:00,01-01-2020 00:00:00,5,50000,,N/A,AHMBA03,0,N/A,N/A,N/A,N/A,N/A
3934,ABC\ASSET\00098,UPS,BR1000G,APC,765WE654DF76,Chandigarh,In-Store,Radius Systems Private Limited,N/A,Chandigarh - Zirakpur,New,Under Warranty,01-01-2020 00:00:00,31-12-2023 00:00:00,,,N/A,N/A,INV-00118,01-01-2020 00:00:00,01-01-2020 00:00:00,01-01-2020 00:00:00,5,50000,,N/A,AHMBA03,0,N/A,N/A,N/A,N/A,N/A
3935,ABC\ASSET\00099,UPS,BR1000G,APC,765WE654DF77,Chandigarh,In-Store,Radius Systems Private Limited,N/A,Chandigarh - Zirakpur,New,Under Warranty,01-01-2020 00:00:00,31-12-2023 00:00:00,,,N/A,N/A,INV-00119,01-01-2020 00:00:00,01-01-2020 00:00:00,01-01-2020 00:00:00,5,50000,,N/A,AHMBA03,0,N/A,N/A,N/A,N/A,N/A
3936,ABC\ASSET\00100,UPS,BR1000G,APC,765WE654DF78,Chandigarh,In-Store,Radius Systems Private Limited,N/A,Chandigarh - Zirakpur,New,Under Warranty,01-01-2020 00:00:00,15-06-2022 00:00:00,,,N/A,N/A,INV-00120,01-01-2020 00:00:00,01-01-2020 00:00:00,01-01-2020 00:00:00,5,50000,,N/A,AHMBA03,0,N/A,N/A,N/A,N/A,N/A
3937,ABC\ASSET\00101,UPS,BR1000G,APC,765WE654DF79,Chandigarh,In-Store,Radius Systems Private Limited,N/A,Chandigarh - Zirakpur,New,Under Warranty,01-01-2020 00:00:00,15-06-2022 00:00:00,,,N/A,N/A,INV-00121,01-01-2020 00:00:00,01-01-2020 00:00:00,01-01-2020 00:00:00,5,50000,,N/A,AHMBA03,0,N/A,N/A,N/A,N/A,N/A
3938,ABC\ASSET\00102,UPS,BR1000G,APC,765WE654DF80,Chandigarh,In-Store,Radius Systems Private Limited,N/A,Chandigarh - Zirakpur,New,Under Warranty,01-01-2020 00:00:00,15-06-2022 00:00:00,,,N/A,N/A,INV-00122,01-01-2020 00:00:00,01-01-2020 00:00:00,01-01-2020 00:00:00,5,50000,,N/A,AHMBA03,0,N/A,N/A,N/A,N/A,N/A
3939,ABC\ASSET\00103,UPS,BR1000G,APC,765WE654DF81,Chandigarh,In-Store,Radius Systems Private Limited,N/A,Chandigarh - Zirakpur,New,Under Warranty,01-01-2020 00:00:00,15-06-2022 00:00:00,,,N/A,N/A,INV-00123,01-01-2020 00:00:00,01-01-2020 00:00:00,01-01-2020 00:00:00,5,50000,,N/A,AHMBA03,0,N/A,N/A,N/A,N/A,N/A
3940,ABC\ASSET\00104,UPS,BR1000G,APC,765WE654DF82,Chandigarh,In-Store,Radius Systems Private Limited,N/A,Chandigarh - Zirakpur,New,Under Warranty,01-01-2020 00:00:00,15-06-2022 00:00:00,,,N/A,N/A,INV-00124,01-01-2020 00:00:00,01-01-2020 00:00:00,01-01-2020 00:00:00,5,50000,,N/A,AHMBA03,0,N/A,N/A,N/A,N/A,N/A
3942,ABC\ASSET\00105,UPS,BR1000G,APC,765WE654DF84,Chandigarh,In-Store,Radius Systems Private Limited,N/A,Chandigarh - Zirakpur,New,Under Warranty,01-01-2020 00:00:00,15-06-2022 00:00:00,,,N/A,N/A,INV-00126,01-01-2020 00:00:00,01-01-2020 00:00:00,01-01-2020 00:00:00,5,50000,,N/A,AHMBA03,0,N/A,N/A,N/A,N/A,N/A
3943,ABC\ASSET\00106,Firewall,ASA-5510,CISCO,KJH6789H76,Chandigarh,In-Store,Radius Systems Private Limited,N/A,Chandigarh - Zirakpur,New,Under Warranty,01-01-2020 00:00:00,15-09-2022 00:00:00,,,N/A,N/A,INV-00127,01-01-2020 00:00:00,01-01-2020 00:00:00,01-01-2020 00:00:00,5,50000,,N/A,AHMBA03,0,N/A,N/A,N/A,N/A,N/A
3944,ABC\ASSET\00107,Firewall,ASA-5511,CISCO,KJH6789H77,Chandigarh,In-Store,Radius Systems Private Limited,N/A,Chandigarh - Zirakpur,New,Under Warranty,01-01-2020 00:00:00,15-09-2022 00:00:00,,,N/A,N/A,INV-00128,01-01-2020 00:00:00,01-01-2020 00:00:00,01-01-2020 00:00:00,5,50000,,N/A,AHMBA03,0,N/A,N/A,N/A,N/A,N/A
3945,ABC\ASSET\00108,Firewall,ASA-5512,CISCO,KJH6789H78,Chandigarh,In-Store,Radius Systems Private Limited,N/A,Chandigarh - Zirakpur,New,Under Warranty,01-01-2020 00:00:00,15-09-2022 00:00:00,,,N/A,N/A,INV-00129,01-01-2020 00:00:00,01-01-2020 00:00:00,01-01-2020 00:00:00,5,50000,,N/A,AHMBA03,0,N/A,N/A,N/A,N/A,N/A
3946,ABC\ASSET\00109,Firewall,ASA-5513,CISCO,KJH6789H79,Chandigarh,In-Store,Radius Systems Private Limited,N/A,Chandigarh - Zirakpur,New,Under Warranty,01-01-2020 00:00:00,15-09-2022 00:00:00,,,N/A,N/A,INV-00130,01-01-2020 00:00:00,01-01-2020 00:00:00,01-01-2020 00:00:00,5,50000,,N/A,AHMBA03,0,N/A,N/A,N/A,N/A,N/A
3947,ABC\ASSET\00110,WAF,S500,Imperva,JH4567HGR456,Chandigarh,In-Store,Radius Systems Private Limited,N/A,Chandigarh - Zirakpur,New,Under Warranty,01-01-2020 00:00:00,15-12-2022 00:00:00,,,N/A,N/A,INV-00131,01-01-2020 00:00:00,01-01-2020 00:00:00,01-01-2020 00:00:00,5,50000,,N/A,AHMBA03,0,N/A,N/A,N/A,N/A,N/A
3948,ABC\ASSET\00111,WAF,S500,Imperva,JH4567HGR457,Chandigarh,In-Store,Zest Systems Private Limited,N/A,Chandigarh - Zirakpur,New,Under Warranty,01-01-2020 00:00:00,15-12-2022 00:00:00,,,N/A,N/A,INV-00132,01-01-2020 00:00:00,01-01-2020 00:00:00,01-01-2020 00:00:00,5,50000,,N/A,AHMBA03,0,N/A,N/A,N/A,N/A,N/A
3949,ABC\ASSET\00112,APT,FE-3090,Fireeye,HGR567890P7,Jaipur,In-Store,Zest Systems Private Limited,N/A,Jaipur - Mansarovar,New,Under Warranty,01-01-2020 00:00:00,15-12-2022 00:00:00,,,N/A,N/A,INV-00133,01-01-2020 00:00:00,01-01-2020 00:00:00,01-01-2020 00:00:00,5,50000,,N/A,AHMBA03,0,N/A,N/A,N/A,N/A,N/A
3950,ABC\ASSET\00113,APT,FE-3090,Fireeye,HGR567890P8,Jaipur,In-Store,Zest Systems Private Limited,N/A,Jaipur - Mansarovar,New,Under Warranty,01-01-2020 00:00:00,15-12-2022 00:00:00,,,N/A,N/A,INV-00134,01-01-2020 00:00:00,01-01-2020 00:00:00,01-01-2020 00:00:00,5,50000,,N/A,AHMBA03,0,N/A,N/A,N/A,N/A,N/A
3951,ABC\ASSET\00114,Tablets,iPad Pro,Apple,HGRE3456,Jaipur,In-Store,Zest Systems Private Limited,N/A,Jaipur - Mansarovar,New,Under Warranty,01-01-2020 00:00:00,15-12-2022 00:00:00,,,N/A,N/A,INV-00135,01-01-2020 00:00:00,01-01-2020 00:00:00,01-01-2020 00:00:00,5,50000,,N/A,AHMBA03,0,N/A,N/A,N/A,N/A,N/A
3952,ABC\ASSET\00115,Tablets,iPad Pro,Apple,HGRE3457,Jaipur,In-Store,Zest Systems Private Limited,N/A,Jaipur - Mansarovar,New,Under Warranty,01-01-2020 00:00:00,15-12-2022 00:00:00,,,N/A,N/A,INV-00136,01-01-2020 00:00:00,01-01-2020 00:00:00,01-01-2020 00:00:00,5,50000,,N/A,AHMBA03,0,N/A,N/A,N/A,N/A,N/A
3953,ABC\ASSET\00116,Tablets,iPad Pro,Apple,HGRE3458,Jaipur,In-Store,Zest Systems Private Limited,N/A,Jaipur - Mansarovar,New,Under Warranty,01-01-2020 00:00:00,15-12-2022 00:00:00,,,N/A,N/A,INV-00137,01-01-2020 00:00:00,01-01-2020 00:00:00,01-01-2020 00:00:00,5,50000,,N/A,AHMBA03,0,N/A,N/A,N/A,N/A,N/A
3954,ABC\ASSET\00117,Tablets,iPad Pro,Apple,HGRE3459,Jaipur,In-Store,Zest Systems Private Limited,N/A,Jaipur - Mansarovar,New,Under Warranty,01-01-2020 00:00:00,15-12-2022 00:00:00,,,N/A,N/A,INV-00138,01-01-2020 00:00:00,01-01-2020 00:00:00,01-01-2020 00:00:00,5,50000,,N/A,AHMBA03,0,N/A,N/A,N/A,N/A,N/A
3955,ABC\ASSET\00118,Tablets,iPad Pro,Apple,HGRE3460,Jaipur,In-Store,Zest Systems Private Limited,N/A,Jaipur - Mansarovar,New,Under Warranty,01-01-2020 00:00:00,15-12-2022 00:00:00,,,N/A,N/A,INV-00139,01-01-2020 00:00:00,01-01-2020 00:00:00,01-01-2020 00:00:00,5,50000,,N/A,AHMBA03,0,N/A,N/A,N/A,N/A,N/A
3956,ABC\ASSET\00119,Tablets,iPad Pro,Apple,HGRE3461,Jaipur,In-Store,Zest Systems Private Limited,N/A,Jaipur - Mansarovar,New,Under Warranty,01-01-2020 00:00:00,15-12-2022 00:00:00,,,N/A,N/A,INV-00140,01-01-2020 00:00:00,01-01-2020 00:00:00,01-01-2020 00:00:00,5,50000,,N/A,AHMBA03,0,N/A,N/A,N/A,N/A,N/A
3957,ABC\ASSET\00120,Tablets,iPad Pro,Apple,HGRE3462,Jaipur,In-Store,Zest Systems Private Limited,N/A,Jaipur - Mansarovar,New,Out Of Support,01-01-2018 00:00:00,01-01-2021 00:00:00,,,N/A,N/A,INV-00141,01-01-2018 00:00:00,01-01-2018 00:00:00,01-01-2018 00:00:00,5,50000,,N/A,AHMBA03,0,N/A,N/A,N/A,N/A,N/A
3958,ABC\ASSET\00121,Tablets,iPad Pro,Apple,HGRE3463,Jaipur,In-Store,Zest Systems Private Limited,N/A,Jaipur - Mansarovar,New,Out Of Support,01-01-2018 00:00:00,01-01-2021 00:00:00,,,N/A,N/A,INV-00142,01-01-2018 00:00:00,01-01-2018 00:00:00,01-01-2018 00:00:00,5,50000,,N/A,AHMBA03,0,N/A,N/A,N/A,N/A,N/A
3959,ABC\ASSET\00122,Tablets,iPad Pro,Apple,HGRE3464,Jaipur,In-Store,Zest Systems Private Limited,N/A,Jaipur - Mansarovar,New,Out Of Support,01-01-2018 00:00:00,01-01-2021 00:00:00,,,N/A,N/A,INV-00143,01-01-2018 00:00:00,01-01-2018 00:00:00,01-01-2018 00:00:00,5,50000,,N/A,AHMBA03,0,N/A,N/A,N/A,N/A,N/A
3960,ABC\ASSET\00123,Tablets,iPad Pro,Apple,HGRE3465,Jaipur,In-Store,Zest Systems Private Limited,N/A,Jaipur - Mansarovar,New,Out Of Support,01-01-2018 00:00:00,01-01-2021 00:00:00,,,N/A,N/A,INV-00144,01-01-2018 00:00:00,01-01-2018 00:00:00,01-01-2018 00:00:00,5,50000,,N/A,AHMBA03,0,N/A,N/A,N/A,N/A,N/A
3961,ABC\ASSET\00124,Tablets,iPad Pro,Apple,HGRE3466,Jaipur,In-Store,Zest Systems Private Limited,N/A,Jaipur - Mansarovar,New,Out Of Support,01-01-2018 00:00:00,01-01-2021 00:00:00,,,N/A,N/A,INV-00145,01-01-2018 00:00:00,01-01-2018 00:00:00,01-01-2018 00:00:00,5,50000,,N/A,AHMBA03,0,N/A,N/A,N/A,N/A,N/A
3962,ABC\ASSET\00125,Tablets,iPad Pro,Apple,HGRE3467,Jaipur,In-Store,Zest Systems Private Limited,N/A,Jaipur - Mansarovar,New,Out Of Support,01-01-2017 00:00:00,01-01-2020 00:00:00,,,N/A,N/A,INV-00146,01-01-2017 00:00:00,01-01-2017 00:00:00,01-01-2017 00:00:00,5,50000,,N/A,AHMBA03,0,N/A,N/A,N/A,N/A,N/A
3963,ABC\ASSET\00126,Tablets,iPad Pro,Apple,HGRE3468,Jaipur,In-Store,Zest Systems Private Limited,N/A,Jaipur - Mansarovar,New,Out Of Support,01-01-2017 00:00:00,01-01-2020 00:00:00,,,N/A,N/A,INV-00147,01-01-2017 00:00:00,01-01-2017 00:00:00,01-01-2017 00:00:00,5,50000,,N/A,AHMBA03,0,N/A,N/A,N/A,N/A,N/A
3964,ABC\ASSET\00127,Tablets,iPad Pro,Apple,HGRE3469,Jaipur,In-Store,Zest Systems Private Limited,N/A,Jaipur - Mansarovar,New,Out Of Support,01-01-2017 00:00:00,01-01-2020 00:00:00,,,N/A,N/A,INV-00148,01-01-2017 00:00:00,01-01-2017 00:00:00,01-01-2017 00:00:00,5,50000,,N/A,AHMBA03,0,N/A,N/A,N/A,N/A,N/A
3965,ABC\ASSET\00128,Camera,51022-v3,BOSCH,KJHG34567,Jaipur,In-Store,Zest Systems Private Limited,N/A,Jaipur - Mansarovar,New,Out Of Support,01-01-2017 00:00:00,01-01-2020 00:00:00,,,N/A,N/A,INV-00149,01-01-2017 00:00:00,01-01-2017 00:00:00,01-01-2017 00:00:00,5,50000,,N/A,AHMBA03,0,N/A,N/A,N/A,N/A,N/A
3966,ABC\ASSET\00129,Camera,51022-v3,BOSCH,KJHG34568,Jaipur,In-Store,Zest Systems Private Limited,N/A,Jaipur - Mansarovar,New,Out Of Support,01-01-2017 00:00:00,01-01-2020 00:00:00,,,N/A,N/A,INV-00150,01-01-2017 00:00:00,01-01-2017 00:00:00,01-01-2017 00:00:00,5,50000,,N/A,AHMBA03,0,N/A,N/A,N/A,N/A,N/A
3967,ABC\ASSET\00130,Camera,51022-v3,BOSCH,KJHG34569,Jaipur,In-Store,Zest Systems Private Limited,N/A,Jaipur - Mansarovar,New,Out Of Support,01-01-2017 00:00:00,01-01-2020 00:00:00,,,N/A,N/A,INV-00151,01-01-2017 00:00:00,01-01-2017 00:00:00,01-01-2017 00:00:00,5,50000,,N/A,AHMBA03,0,N/A,N/A,N/A,N/A,N/A
3968,ABC\ASSET\00131,Camera,51022-v3,BOSCH,KJHG34570,Jaipur,In-Store,Zest Systems Private Limited,N/A,Jaipur - Mansarovar,New,Out Of Support,01-01-2017 00:00:00,01-01-2020 00:00:00,,,N/A,N/A,INV-00152,01-01-2017 00:00:00,01-01-2017 00:00:00,01-01-2017 00:00:00,5,50000,,N/A,AHMBA03,0,N/A,N/A,N/A,N/A,N/A
3969,ABC\ASSET\00132,Camera,51022-v3,BOSCH,KJHG34571,Jaipur,In-Store,Zest Systems Private Limited,N/A,Jaipur - Mansarovar,New,Out Of Support,01-01-2017 00:00:00,01-01-2020 00:00:00,,,N/A,N/A,INV-00153,01-01-2017 00:00:00,01-01-2017 00:00:00,01-01-2017 00:00:00,5,50000,,N/A,AHMBA03,0,N/A,N/A,N/A,N/A,N/A
3970,ABC\ASSET\00133,Camera,51022-v3,BOSCH,KJHG34572,Jaipur,In-Store,Zest Systems Private Limited,N/A,Jaipur - Mansarovar,New,Out Of Support,01-01-2016 00:00:00,01-01-2019 00:00:00,,,N/A,N/A,INV-00154,01-01-2016 00:00:00,01-01-2016 00:00:00,01-01-2016 00:00:00,5,50000,,N/A,AHMBA03,0,N/A,N/A,N/A,N/A,N/A
3971,ABC\ASSET\00134,Camera,51022-v3,BOSCH,KJHG34573,Jaipur,In-Store,Zest Systems Private Limited,N/A,Jaipur - Mansarovar,New,Out Of Support,01-01-2014 00:00:00,01-01-2017 00:00:00,,,N/A,N/A,INV-00155,01-01-2014 00:00:00,01-01-2014 00:00:00,01-01-2014 00:00:00,5,50000,,N/A,AHMBA03,0,N/A,N/A,N/A,N/A,N/A
3972,ABC\ASSET\00135,Camera,51022-v3,BOSCH,KJHG34574,Jaipur,In-Store,Zest Systems Private Limited,N/A,Jaipur - Mansarovar,New,Out Of Support,01-01-2014 00:00:00,01-01-2017 00:00:00,,,N/A,N/A,INV-00156,01-01-2014 00:00:00,01-01-2014 00:00:00,01-01-2014 00:00:00,5,50000,,N/A,AHMBA03,0,N/A,N/A,N/A,N/A,N/A
3973,ABC\ASSET\00136,Camera,51022-v3,BOSCH,KJHG34575,Jaipur,In-Store,Zest Systems Private Limited,N/A,Jaipur - Mansarovar,New,Out Of Support,01-01-2014 00:00:00,01-01-2017 00:00:00,,,N/A,N/A,INV-00157,01-01-2014 00:00:00,01-01-2014 00:00:00,01-01-2014 00:00:00,5,50000,,N/A,AHMBA03,0,N/A,N/A,N/A,N/A,N/A
3974,ABC\ASSET\00137,Camera,51022-v3,BOSCH,KJHG34576,Jaipur,In-Store,Zest Systems Private Limited,N/A,Jaipur - Mansarovar,New,Out Of Support,01-01-2014 00:00:00,01-01-2017 00:00:00,,,N/A,N/A,INV-00158,01-01-2014 00:00:00,01-01-2014 00:00:00,01-01-2014 00:00:00,5,50000,,N/A,AHMBA03,0,N/A,N/A,N/A,N/A,N/A
3975,ABC\ASSET\00138,Camera,51022-v3,BOSCH,KJHG34577,Jaipur,In-Store,Zest Systems Private Limited,N/A,Jaipur - Mansarovar,New,Out Of Support,01-01-2014 00:00:00,01-01-2017 00:00:00,,,N/A,N/A,INV-00159,01-01-2014 00:00:00,01-01-2014 00:00:00,01-01-2014 00:00:00,5,50000,,N/A,AHMBA03,0,N/A,N/A,N/A,N/A,N/A
3976,ABC\ASSET\00139,Camera,51022-v3,BOSCH,KJHG34578,Mumbai,Allocated,Zest Systems Private Limited,N/A,New Delhi - Janakpuri,New,Out Of Support,01-01-2014 00:00:00,01-01-2017 00:00:00,,,N/A,N/A,INV-00160,01-01-2014 00:00:00,01-01-2014 00:00:00,01-01-2014 00:00:00,5,50000,,support@zservicedesk.com,AHMBA03,0,N/A,N/A,EMP01,TEST USER,Broker Acquisition
3978,ABC\ASSET\0000001,Tables,DUI009,Durian,567890HJKL,Select ,In-Store,V N IT INFRA,N/A,N/A,New,Under AMC,,,14-06-2022 00:00:00,07-07-2022 00:00:00,N/A,N/A,,,,,5,154500,,N/A,,0,N/A,N/A,N/A,N/A,N/A
3979,ABC\LAP\0000013,Laptop,0099,AF343,123,Mumbai,In-Store,V N IT INFRA,N/A,Mumbai - Navi Mumbai,New,Out Of Support,,,,,N/A,N/A,,,,,3,154500,,N/A,,0,N/A,N/A,N/A,N/A,N/A
